{
    "ESC": [
        9.64,
        8.4225
    ],
    "F1": [
        49.21,
        8.4225
    ],
    "F2": [
        68.48,
        8.4225
    ],
    "F3": [
        88.77,
        8.4225
    ],
    "F4": [
        107.54,
        8.4225
    ],
    "F5": [
        136.46,
        8.4225
    ],
    "F6": [
        156.24,
        8.4225
    ],
    "F7": [
        174.5,
        8.4225
    ],
    "F8": [
        194.79,
        8.4225
    ],
    "F9": [
        223.71,
        8.4225
    ],
    "F10": [
        242.98,
        8.4225
    ],
    "F11": [
        262.26,
        8.4225
    ],
    "F12": [
        281.54,
        8.4225
    ],
    "PRTSC": [
        305.38,
        8.4225
    ],
    "SCRLK": [
        324.15,
        8.4225
    ],
    "PAUSE": [
        344.44,
        8.4225
    ],
    "`": [
        9.64,
        31.770000000000003
    ],
    "1": [
        29.93,
        31.770000000000003
    ],
    "2": [
        49.21,
        31.770000000000003
    ],
    "3": [
        68.48,
        31.770000000000003
    ],
    "4": [
        88.27,
        31.770000000000003
    ],
    "5": [
        107.54,
        31.770000000000003
    ],
    "6": [
        127.33,
        31.770000000000003
    ],
    "7": [
        145.59,
        31.770000000000003
    ],
    "8": [
        164.86,
        31.770000000000003
    ],
    "9": [
        185.15,
        31.770000000000003
    ],
    "0": [
        203.42,
        31.770000000000003
    ],
    "-": [
        222.69,
        31.770000000000003
    ],
    "=": [
        241.46,
        31.770000000000003
    ],
    "BACKSPACE": [
        270.88,
        31.770000000000003
    ],
    "INS": [
        305.89,
        31.770000000000003
    ],
    "HOME": [
        325.67,
        31.770000000000003
    ],
    "PAGEUP": [
        345.45,
        31.770000000000003
    ],
    "TAB": [
        15.73,
        51.58764705882353
    ],
    "Q": [
        40.07,
        51.58764705882353
    ],
    "W": [
        59.86,
        51.58764705882353
    ],
    "E": [
        79.13,
        51.58764705882353
    ],
    "R": [
        97.9,
        51.58764705882353
    ],
    "T": [
        117.18,
        51.58764705882353
    ],
    "Y": [
        136.46,
        51.58764705882353
    ],
    "U": [
        156.75,
        51.58764705882353
    ],
    "I": [
        175.01,
        51.58764705882353
    ],
    "O": [
        194.29,
        51.58764705882353
    ],
    "P": [
        213.56,
        51.58764705882353
    ],
    "[": [
        233.35,
        51.58764705882353
    ],
    "]": [
        252.62,
        51.58764705882353
    ],
    "\\": [
        277.48,
        51.58764705882353
    ],
    "DEL": [
        305.89,
        51.58764705882353
    ],
    "END": [
        325.67,
        51.58764705882353
    ],
    "PAGEDOWN": [
        345.45,
        51.58764705882353
    ],
    "CAPSLOCK": [
        17.75,
        70.94
    ],
    "A": [
        45.15,
        70.94
    ],
    "S": [
        64.42,
        70.94
    ],
    "D": [
        83.7,
        70.94
    ],
    "F": [
        102.47,
        70.94
    ],
    "G": [
        122.25,
        70.94
    ],
    "H": [
        141.53,
        70.94
    ],
    "J": [
        160.3,
        70.94
    ],
    "K": [
        180.08,
        70.94
    ],
    "L": [
        199.36,
        70.94
    ],
    ";": [
        218.63,
        70.94
    ],
    "'": [
        237.91,
        70.94
    ],
    "ENTER": [
        267.33,
        70.94
    ],
    "SHIFT": [
        263.27,
        89.62583333333333
    ],
    "Z": [
        54.28,
        89.62583333333333
    ],
    "X": [
        75.08,
        89.62583333333333
    ],
    "C": [
        92.83,
        89.62583333333333
    ],
    "V": [
        113.12,
        89.62583333333333
    ],
    "B": [
        131.38,
        89.62583333333333
    ],
    "N": [
        151.67,
        89.62583333333333
    ],
    "M": [
        170.95,
        89.62583333333333
    ],
    ",": [
        188.71,
        89.62583333333333
    ],
    ".": [
        207.98,
        89.62583333333333
    ],
    "/": [
        227.26,
        89.62583333333333
    ],
    "UP": [
        325.16,
        89.62583333333333
    ],
    "CTRL": [
        278.49,
        109.6711111111111
    ],
    "WIN": [
        37.03,
        109.6711111111111
    ],
    "ALT": [
        205.45,
        109.6711111111111
    ],
    "SPACE": [
        134.93,
        109.6711111111111
    ],
    "FN": [
        230.81,
        109.6711111111111
    ],
    "MENU": [
        254.65,
        109.6711111111111
    ],
    "LEFT": [
        305.89,
        109.6711111111111
    ],
    "DOWN": [
        326.68,
        109.6711111111111
    ],
    "RIGHT": [
        344.95,
        109.6711111111111
    ]
}